id,user_name,email,first_name,last_name,gender,company
1,mcreelman0,mcreelman0@goo.gl,Melva,Creelman,Female,Gabspot
2,tbelliard1,tbelliard1@posterous.com,Twyla,Belliard,Female,Jabberstorm
3,gbeton2,gbeton2@earthlink.net,Glory,Beton,Female,Meevee
4,rpostins3,rpostins3@nih.gov,Rustin,Postins,Male,Podcat
5,mmachostie4,mmachostie4@t-online.de,Minetta,MacHostie,Female,Trunyx
6,mdytham5,mdytham5@last.fm,Manuel,Dytham,Male,Tagfeed
7,jmableson6,jmableson6@engadget.com,Jessalyn,Mableson,Female,Skyvu
8,sleask7,sleask7@ted.com,Selie,Leask,Female,Devcast
9,nliddard8,nliddard8@infoseek.co.jp,Nap,Liddard,Male,Fatz
10,rlainge9,rlainge9@xinhuanet.com,Rhetta,Lainge,Female,Minyx
11,critcha,critcha@army.mil,Candis,Ritch,Female,Devify
12,shatcliffeb,shatcliffeb@tripadvisor.com,Sherlock,Hatcliffe,Male,Edgeblab
13,mbuddc,mbuddc@forbes.com,Malissa,Budd,Female,Vinder
14,msalewayd,msalewayd@ycombinator.com,Maynard,Saleway,Male,Skinix
15,sbehnekee,sbehnekee@issuu.com,Sheelah,Behneke,Female,Rhyzio
16,dgresleyf,dgresleyf@howstuffworks.com,Denice,Gresley,Female,Feednation
17,gmacmillang,gmacmillang@e-recht24.de,Gamaliel,MacMillan,Male,Cogilith
18,ajewksh,ajewksh@addthis.com,Augusto,Jewks,Male,Feedfire
19,jwhetsoni,jwhetsoni@devhub.com,Janey,Whetson,Female,Zoozzy
20,khitterj,khitterj@wsj.com,Kayle,Hitter,Female,Katz
21,fwatlingk,fwatlingk@artisteer.com,Fraser,Watling,Male,Photobean
22,rsaggl,rsaggl@163.com,Rafi,Sagg,Male,Jabberbean
23,mbasekm,mbasekm@linkedin.com,Martha,Basek,Female,Chatterpoint
24,mdarridonn,mdarridonn@cpanel.net,Meggie,Darridon,Female,Skyble
25,btrevorrowo,btrevorrowo@ox.ac.uk,Benoit,Trevorrow,Male,Linktype
26,cpaigep,cpaigep@surveymonkey.com,Cos,Paige,Male,Divavu
27,ebernuzziq,ebernuzziq@ow.ly,Ellswerth,Bernuzzi,Male,Riffwire
28,aderler,aderler@indiatimes.com,Antonius,Derle,Male,Livefish
29,hlarouxs,hlarouxs@imgur.com,Hoebart,Laroux,Male,Feedbug
30,gstrutherst,gstrutherst@rakuten.co.jp,Gerhardt,Struthers,Male,Tanoodle
31,tmatieuu,tmatieuu@gnu.org,Tera,Matieu,Female,Dynazzy
32,emahaddiev,emahaddiev@prnewswire.com,Eva,Mahaddie,Female,Eazzy
33,mpagew,mpagew@g.co,Maryl,Page,Female,Camimbo
34,qdrexelx,qdrexelx@bluehost.com,Quentin,Drexel,Female,Oodoo
35,jcapeleny,jcapeleny@engadget.com,Jyoti,Capelen,Female,Jazzy
36,tforsythez,tforsythez@jimdo.com,Tammi,Forsythe,Female,Eayo
37,ekupec10,ekupec10@fastcompany.com,Eba,Kupec,Female,Kimia
38,hjosovich11,hjosovich11@jimdo.com,Herve,Josovich,Male,Skaboo
39,schudleigh12,schudleigh12@trellian.com,Skipper,Chudleigh,Male,Demizz
40,pconlaund13,pconlaund13@icio.us,Peta,Conlaund,Female,Oloo
41,cmatzl14,cmatzl14@cdbaby.com,Corrina,Matzl,Female,Vipe
42,seveleigh15,seveleigh15@ft.com,Stacia,Eveleigh,Female,Devcast
43,cdevin16,cdevin16@furl.net,Christian,Devin,Male,Babbleblab
44,bleeming17,bleeming17@whitehouse.gov,Bobbee,Leeming,Female,Thoughtbeat
45,ehattoe18,ehattoe18@domainmarket.com,Edee,Hattoe,Female,Dablist
46,smcilvenny19,smcilvenny19@mac.com,Sheba,McIlvenny,Female,Tazz
47,oarchdeacon1a,oarchdeacon1a@pagesperso-orange.fr,Orion,Archdeacon,Male,Babbleopia
48,htrebbett1b,htrebbett1b@nymag.com,Harman,Trebbett,Male,Divape
49,agommes1c,agommes1c@comcast.net,Ali,Gommes,Female,Tagcat
50,bfacher1d,bfacher1d@gizmodo.com,Ben,Facher,Male,Skivee
51,fdarby1e,fdarby1e@ucla.edu,Farra,Darby,Female,Camimbo
52,mfeacham1f,mfeacham1f@upenn.edu,Moises,Feacham,Male,Meemm
53,mrollings1g,mrollings1g@nydailynews.com,Madelene,Rollings,Female,Voomm
54,elaudham1h,elaudham1h@omniture.com,Elvera,Laudham,Female,Buzzster
55,aerswell1i,aerswell1i@berkeley.edu,Aylmar,Erswell,Male,Gigabox
56,dminall1j,dminall1j@last.fm,Dianne,Minall,Female,Centidel
57,terdely1k,terdely1k@google.ca,Tanney,Erdely,Male,Kwimbee
58,agiroldo1l,agiroldo1l@yellowbook.com,Ainsley,Giroldo,Female,Jatri
59,kbailey1m,kbailey1m@pinterest.com,Kayla,Bailey,Female,Mudo
60,mgoing1n,mgoing1n@devhub.com,Malissa,Going,Female,Avamm
61,bstygall1o,bstygall1o@wikipedia.org,Burty,Stygall,Male,Twiyo
62,lhawkslee1p,lhawkslee1p@ftc.gov,Laurie,Hawkslee,Male,Fliptune
63,agillmor1q,agillmor1q@chronoengine.com,Alberto,Gillmor,Male,Tagopia
64,msandbrook1r,msandbrook1r@cornell.edu,Michel,Sandbrook,Male,Twitterwire
65,cbarns1s,cbarns1s@multiply.com,Claudelle,Barns,Female,Wordtune
66,tbrammar1t,tbrammar1t@com.com,Travus,Brammar,Male,Meevee
67,kelderidge1u,kelderidge1u@macromedia.com,Kenon,Elderidge,Male,Twimm
68,dmckern1v,dmckern1v@indiatimes.com,Darrelle,McKern,Female,LiveZ
69,thuncoot1w,thuncoot1w@wix.com,Tailor,Huncoot,Male,Divape
70,etaylot1x,etaylot1x@gravatar.com,Eachelle,Taylot,Female,Dablist
71,dpheby1y,dpheby1y@tripadvisor.com,Dav,Pheby,Male,Jabberstorm
72,mpercifer1z,mpercifer1z@phpbb.com,Marian,Percifer,Female,Wikizz
73,sferber20,sferber20@bloglovin.com,Sharia,Ferber,Female,Layo
74,gdederick21,gdederick21@addthis.com,Germaine,Dederick,Male,Twinte
75,igravells22,igravells22@meetup.com,Inness,Gravells,Male,Lazzy
76,mbalog23,mbalog23@amazon.com,Maxy,Balog,Female,Abatz
77,lquincey24,lquincey24@pagesperso-orange.fr,Liv,Quincey,Female,Shuffletag
78,gbreckon25,gbreckon25@artisteer.com,George,Breckon,Female,Zoonder
79,bboldt26,bboldt26@nymag.com,Blake,Boldt,Female,Trudoo
80,bvenables27,bvenables27@harvard.edu,Bren,Venables,Female,Rhyloo
81,tbertrand28,tbertrand28@delicious.com,Temple,Bertrand,Male,Thoughtblab
82,sfillis29,sfillis29@seesaa.net,Sheffy,Fillis,Male,InnoZ
83,fmetterick2a,fmetterick2a@squidoo.com,Fidelio,Metterick,Male,Jaloo
84,emathison2b,emathison2b@google.com.au,Edy,Mathison,Female,Trupe
85,penser2c,penser2c@unblog.fr,Perkin,Enser,Male,Browsedrive
86,czarfai2d,czarfai2d@taobao.com,Clint,Zarfai,Male,Avamba
87,jhitter2e,jhitter2e@un.org,Jaquelyn,Hitter,Female,Skilith
88,wyitzhok2f,wyitzhok2f@dmoz.org,Will,Yitzhok,Male,Plajo
89,pbrough2g,pbrough2g@wikia.com,Parrnell,Brough,Male,Brainverse
90,xsams2h,xsams2h@free.fr,Xenos,Sams,Male,Dynazzy
91,tshinn2i,tshinn2i@psu.edu,Tarrah,Shinn,Female,Plajo
92,ltester2j,ltester2j@networksolutions.com,Lane,Tester,Male,Meetz
93,dblakeborough2k,dblakeborough2k@istockphoto.com,Dasya,Blakeborough,Female,Livetube
94,sbartolomeotti2l,sbartolomeotti2l@miibeian.gov.cn,Sigfrid,Bartolomeotti,Male,Plambee
95,agosson2m,agosson2m@mozilla.org,Arnold,Gosson,Male,Plambee
96,jpittam2n,jpittam2n@biglobe.ne.jp,Josias,Pittam,Male,Livepath
97,nwhorlton2o,nwhorlton2o@amazon.co.jp,Nelli,Whorlton,Female,Yodoo
98,jtipton2p,jtipton2p@un.org,Jordain,Tipton,Female,Tambee
99,snise2q,snise2q@xrea.com,Sol,Nise,Male,Vimbo
100,dhuggins2r,dhuggins2r@yelp.com,Dodie,Huggins,Female,Skipfire
